id,name,model_id:id,group_id:id,perm_read,perm_write,perm_create,perm_unlink
gts_whatsapp.access_whatsapp_connection,access_whatsapp_connection,gts_whatsapp.model_whatsapp_connection,base.group_user,1,1,1,1
gts_whatsapp.access_whatsapp_templates_editor,access_whatsapp_templates_editor,gts_whatsapp.model_gts_whatsapp_templates_editor,base.group_user,1,1,1,1
gts_whatsapp.access_whatsapp_base_url_editor,access_whatsapp_base_url_editor,gts_whatsapp.model_gts_whatsapp_base_url_editor,base.group_user,1,1,1,1
gts_whatsapp.access_whatsapp_login_menu,access_whatsapp_login_menu,gts_whatsapp.model_whatsapp_login_menu,base.group_user,1,1,1,1
gts_whatsapp.access_gts_whatsapp_contact,access_gts_whatsapp_contact,gts_whatsapp.model_gts_whatsapp_contact,base.group_user,1,1,1,1
gts_whatsapp.access_gts_whatsapp_sync_editor,access_gts_whatsapp_sync_editor,gts_whatsapp.model_gts_whatsapp_sync_editor,base.group_user,1,1,1,1